use ERP_TCorp;
-- SELECT * FROM project;

-- ##### ROLE ##### -- 
insert into role (id, name) values (1, 'Admin');
insert into role (id, name) values (2, 'Employee');
-- SELECT * FROM task_group;

-- ##### CUSTOMER ##### -- 
insert into customer (id, name) values (1, 'TOT');
insert into customer (id, name) values (2, 'CAT');
-- SELECT * FROM customer;

-- ##### BILLING CONFIGURATION ##### -- 
insert into billing_configuration (id, description, phase_1) values (1, "Full Payment" ,1);
-- SELECT * FROM customer;

-- ##### PROJECT CATEGORY ##### -- 
insert into project_category (id, type) values (1, 'Contract');
insert into project_category (id, type) values (2, 'Purchase');
-- SELECT * FROM customer;

-- ##### PROJECT ##### -- 
insert into project (id, tcorp_id, name_th, value, end_contract_date, warranty_duration, billing_configuration_id, project_category_id, customer_id, is_aborted, is_template) values (1, 1, 'Nondisp apophyseal fx r femr, 7thF', 940502.0, '2019-08-14 21:56:33', 48, 1, 2, 1, 0, 0);
insert into project (id, tcorp_id, name_th, value, end_contract_date, warranty_duration, billing_configuration_id, project_category_id, customer_id, is_aborted, is_template) values (2, 2, 'Tox eff of corrosv acids & acid-like substnc, slf-hrm, subs', 277082.67, '2018-12-04 22:38:29', 50, 1, 1, 1, 0, 0);
insert into project (id, tcorp_id, name_th, value, end_contract_date, warranty_duration, billing_configuration_id, project_category_id, customer_id, is_aborted, is_template) values (3, 3, 'Recur cholesteatoma of postmastoidectomy cavity, right ear', 432289.97, '2019-11-07 13:01:52', 37, 1, 2, 2, 0, 0);
insert into project (id, tcorp_id, name_th, value, end_contract_date, warranty_duration, billing_configuration_id, project_category_id, customer_id, is_aborted, is_template) values (4, 4, 'Unspecified open wound of oth part of neck, init encntr', 343192.03, '2019-10-30 02:55:46', 37, 1, 2, 2, 0, 0);
insert into project (id, tcorp_id, name_th, value, end_contract_date, warranty_duration, billing_configuration_id, project_category_id, customer_id, is_aborted, is_template) values (5, 5, 'Unspecified sprain of right ring finger', 238981.5, '2019-03-10 15:25:34', 14, 1, 2, 2, 0, 0);
insert into project (id, tcorp_id, name_th, value, end_contract_date, warranty_duration, billing_configuration_id, project_category_id, customer_id, is_aborted, is_template) values (6, 6, 'Occup of 3-whl mv injured in collision w pedal cycle in traf', 574883.29, '2019-11-01 16:08:32', 5, 1, 2, 2, 0, 0);
insert into project (id, tcorp_id, name_th, value, end_contract_date, warranty_duration, billing_configuration_id, project_category_id, customer_id, is_aborted, is_template) values (7, 7, 'Pnctr w/o fb of r rng fngr w damage to nail, sequela', 148831.98, '2019-06-27 22:17:39', 44, 1, 2, 2, 0, 0);
insert into project (id, tcorp_id, name_th, value, end_contract_date, warranty_duration, billing_configuration_id, project_category_id, customer_id, is_aborted, is_template) values (8, 8, 'Unsp injury of unsp wrist, hand and finger(s), subs encntr', 598606.78, '2019-04-16 03:54:18', 18, 1, 2, 2, 0, 0);
insert into project (id, tcorp_id, name_th, value, end_contract_date, warranty_duration, billing_configuration_id, project_category_id, customer_id, is_aborted, is_template) values (9, 9, 'Oth fx lower end unsp tibia, subs for clos fx w delay heal', 358060.51, '2019-01-13 19:15:43', 37, 1, 1, 1, 0, 0);
insert into project (id, tcorp_id, name_th, value, end_contract_date, warranty_duration, billing_configuration_id, project_category_id, customer_id, is_aborted, is_template) values (10, 10, 'Oth fx of low end r rad, 7thE', 765313.26, '2019-10-01 12:09:43', 54, 1, 2, 2, 0, 0);
insert into project (id, tcorp_id, name_th, value, end_contract_date, warranty_duration, billing_configuration_id, project_category_id, customer_id, is_aborted, is_template) values (11, 11, 'Viral carditis, unspecified', 173865.4, '2019-08-11 18:14:06', 38, 1, 1, 2, 0, 0);
insert into project (id, tcorp_id, name_th, value, end_contract_date, warranty_duration, billing_configuration_id, project_category_id, customer_id, is_aborted, is_template) values (12, 12, 'Fx unsp part of neck of r femur, subs for clos fx w nonunion', 408899.53, '2019-06-16 23:31:04', 27, 1, 2, 1, 0, 0);
insert into project (id, tcorp_id, name_th, value, end_contract_date, warranty_duration, billing_configuration_id, project_category_id, customer_id, is_aborted, is_template) values (13, 13, 'Underdosing of beta-adrenoreceptor antagonists, sequela', 983247.78, '2019-08-04 04:38:03', 51, 1, 2, 2, 0, 0);
insert into project (id, tcorp_id, name_th, value, end_contract_date, warranty_duration, billing_configuration_id, project_category_id, customer_id, is_aborted, is_template) values (14, 14, 'Osteitis deformans of lower leg', 160836.1, '2019-09-30 19:38:13', 51, 1, 2, 2, 0, 0);
insert into project (id, tcorp_id, name_th, value, end_contract_date, warranty_duration, billing_configuration_id, project_category_id, customer_id, is_aborted, is_template) values (15, 15, 'Superficial foreign body of right little finger, init encntr', 236305.43, '2019-04-21 15:09:16', 4, 1, 1, 2, 0, 0);
insert into project (id, tcorp_id, name_th, value, end_contract_date, warranty_duration, billing_configuration_id, project_category_id, customer_id, is_aborted, is_template) values (16, 16, 'Oth physeal fx lower end of l fibula, subs for fx w malunion', 592008.47, '2019-06-29 06:07:07', 21, 1, 1, 1, 0, 0);
insert into project (id, tcorp_id, name_th, value, end_contract_date, warranty_duration, billing_configuration_id, project_category_id, customer_id, is_aborted, is_template) values (17, 17, 'Diseases of the nervous system complicating the puerperium', 669912.01, '2019-05-15 08:02:26', 27, 1, 1, 2, 0, 0);
insert into project (id, tcorp_id, name_th, value, end_contract_date, warranty_duration, billing_configuration_id, project_category_id, customer_id, is_aborted, is_template) values (18, 18, 'Burn of first degree of right axilla, sequela', 448253.88, '2019-02-08 19:31:04', 40, 1, 1, 1, 0, 0);
insert into project (id, tcorp_id, name_th, value, end_contract_date, warranty_duration, billing_configuration_id, project_category_id, customer_id, is_aborted, is_template) values (19, 19, 'Nondisp fx of lateral malleolus of left fibula, sequela', 242135.61, '2019-08-01 06:18:48', 50, 1, 1, 2, 0, 0);
insert into project (id, tcorp_id, name_th, value, end_contract_date, warranty_duration, billing_configuration_id, project_category_id, customer_id, is_aborted, is_template) values (20, 20, 'Path fx in neopltc dis, l femur, subs for fx w delay heal', 669902.52, '2019-01-17 09:24:31', 47, 1, 1, 1, 0, 0);
insert into project (id, tcorp_id, name_th, value, end_contract_date, warranty_duration, billing_configuration_id, project_category_id, customer_id, is_aborted, is_template) values (21, 21, 'Galactosemia', 158579.8, '2019-05-19 11:58:44', 21, 1, 1, 2, 0, 0);
insert into project (id, tcorp_id, name_th, value, end_contract_date, warranty_duration, billing_configuration_id, project_category_id, customer_id, is_aborted, is_template) values (22, 22, 'Palindromic rheumatism, right wrist', 623826.71, '2019-01-14 00:05:45', 48, 1, 2, 1, 0, 0);
insert into project (id, tcorp_id, name_th, value, end_contract_date, warranty_duration, billing_configuration_id, project_category_id, customer_id, is_aborted, is_template) values (23, 23, 'Crushing injury of great toe', 992062.43, '2019-06-21 23:57:20', 25, 1, 1, 1, 0, 0);
insert into project (id, tcorp_id, name_th, value, end_contract_date, warranty_duration, billing_configuration_id, project_category_id, customer_id, is_aborted, is_template) values (24, 24, 'Other specified arthritis, left hand', 912778.34, '2019-07-09 14:01:27', 29, 1, 2, 1, 0, 0);
insert into project (id, tcorp_id, name_th, value, end_contract_date, warranty_duration, billing_configuration_id, project_category_id, customer_id, is_aborted, is_template) values (25, 25, 'Toxic effect of unsp substance, intentional self-harm, subs', 991213.11, '2019-06-16 00:57:44', 29, 1, 2, 2, 0, 0);
insert into project (id, tcorp_id, name_th, value, end_contract_date, warranty_duration, billing_configuration_id, project_category_id, customer_id, is_aborted, is_template) values (26, 26, 'Azoospermia due to drug therapy', 323065.5, '2019-06-07 07:03:38', 52, 1, 2, 1, 0, 0);
insert into project (id, tcorp_id, name_th, value, end_contract_date, warranty_duration, billing_configuration_id, project_category_id, customer_id, is_aborted, is_template) values (27, 27, 'Injury of optic tract and pathways, unsp eye, subs encntr', 761491.79, '2019-05-11 18:14:02', 36, 1, 1, 1, 0, 0);
insert into project (id, tcorp_id, name_th, value, end_contract_date, warranty_duration, billing_configuration_id, project_category_id, customer_id, is_aborted, is_template) values (28, 28, 'Other encephalitis, myelitis and encephalomyelitis', 418852.82, '2019-11-05 17:49:33', 15, 1, 2, 1, 0, 0);
insert into project (id, tcorp_id, name_th, value, end_contract_date, warranty_duration, billing_configuration_id, project_category_id, customer_id, is_aborted, is_template) values (29, 29, 'Disord of visual pathways in vascular disord, left side', 726346.81, '2019-09-21 16:40:59', 46, 1, 2, 1, 0, 0);
insert into project (id, tcorp_id, name_th, value, end_contract_date, warranty_duration, billing_configuration_id, project_category_id, customer_id, is_aborted, is_template) values (30, 30, 'Injury of oculomotor nerve', 992241.08, '2019-09-07 23:41:15', 3, 1, 2, 2, 0, 0);
insert into project (id, tcorp_id, name_th, value, end_contract_date, warranty_duration, billing_configuration_id, project_category_id, customer_id, is_aborted, is_template) values (31, 31, 'Toxic effect of noxious substances eaten as food, assault', 178731.77, '2019-06-26 08:50:12', 32, 1, 2, 2, 0, 0);
insert into project (id, tcorp_id, name_th, value, end_contract_date, warranty_duration, billing_configuration_id, project_category_id, customer_id, is_aborted, is_template) values (32, 32, 'Juvenile arthritis, unspecified, vertebrae', 717916.31, '2019-06-19 11:06:26', 39, 1, 1, 1, 0, 0);
insert into project (id, tcorp_id, name_th, value, end_contract_date, warranty_duration, billing_configuration_id, project_category_id, customer_id, is_aborted, is_template) values (33, 33, 'Hypertrophy of bone, ulna and radius', 659034.98, '2019-10-15 22:45:54', 12, 1, 1, 1, 0, 0);
insert into project (id, tcorp_id, name_th, value, end_contract_date, warranty_duration, billing_configuration_id, project_category_id, customer_id, is_aborted, is_template) values (34, 34, 'Complex regional pain syndrome I of upper limb', 148644.44, '2019-06-03 21:35:29', 39, 1, 1, 1, 0, 0);
insert into project (id, tcorp_id, name_th, value, end_contract_date, warranty_duration, billing_configuration_id, project_category_id, customer_id, is_aborted, is_template) values (35, 35, 'Crushing injury of unspecified finger(s), sequela', 998228.44, '2019-09-10 18:31:48', 38, 1, 2, 1, 0, 0);
insert into project (id, tcorp_id, name_th, value, end_contract_date, warranty_duration, billing_configuration_id, project_category_id, customer_id, is_aborted, is_template) values (36, 36, 'Inj muscle, fascia and tendon of triceps, unsp arm, subs', 871360.89, '2018-12-31 22:18:06', 43, 1, 1, 1, 0, 0);
insert into project (id, tcorp_id, name_th, value, end_contract_date, warranty_duration, billing_configuration_id, project_category_id, customer_id, is_aborted, is_template) values (37, 37, 'Poisoning by coronary vasodilators, accidental, sequela', 717272.99, '2019-10-31 07:44:44', 37, 1, 1, 1, 0, 0);
insert into project (id, tcorp_id, name_th, value, end_contract_date, warranty_duration, billing_configuration_id, project_category_id, customer_id, is_aborted, is_template) values (38, 38, 'Infect/inflm react due to int fix of unsp bone of leg, init', 235547.88, '2019-02-18 14:29:13', 54, 1, 1, 2, 0, 0);
insert into project (id, tcorp_id, name_th, value, end_contract_date, warranty_duration, billing_configuration_id, project_category_id, customer_id, is_aborted, is_template) values (39, 39, 'Laceration of ureter', 759519.84, '2019-08-16 12:54:18', 33, 1, 1, 2, 0, 0);
insert into project (id, tcorp_id, name_th, value, end_contract_date, warranty_duration, billing_configuration_id, project_category_id, customer_id, is_aborted, is_template) values (40, 40, 'Juvenile rheumatoid arthritis w systemic onset, l shoulder', 724142.13, '2019-07-15 19:26:03', 39, 1, 1, 1, 0, 0);
insert into project (id, tcorp_id, name_th, value, end_contract_date, warranty_duration, billing_configuration_id, project_category_id, customer_id, is_aborted, is_template) values (41, 41, 'Car driver injured in collision w car in nontraffic accident', 373075.66, '2019-04-09 11:19:13', 16, 1, 1, 1, 0, 0);
insert into project (id, tcorp_id, name_th, value, end_contract_date, warranty_duration, billing_configuration_id, project_category_id, customer_id, is_aborted, is_template) values (42, 42, 'Arthropathies in oth diseases classified elsewhere, knee', 766963.87, '2019-06-11 00:58:45', 29, 1, 2, 2, 0, 0);
insert into project (id, tcorp_id, name_th, value, end_contract_date, warranty_duration, billing_configuration_id, project_category_id, customer_id, is_aborted, is_template) values (43, 43, 'Osteopathy in diseases classified elsewhere, unsp thigh', 919783.9, '2019-05-21 05:39:37', 13, 1, 2, 1, 0, 0);
insert into project (id, tcorp_id, name_th, value, end_contract_date, warranty_duration, billing_configuration_id, project_category_id, customer_id, is_aborted, is_template) values (44, 44, 'Fluke infection, unspecified', 798061.15, '2019-03-01 17:38:53', 35, 1, 1, 2, 0, 0);
insert into project (id, tcorp_id, name_th, value, end_contract_date, warranty_duration, billing_configuration_id, project_category_id, customer_id, is_aborted, is_template) values (45, 45, 'Burn of first degree of left forearm, sequela', 313101.52, '2019-05-15 22:10:21', 36, 1, 2, 2, 0, 0);
insert into project (id, tcorp_id, name_th, value, end_contract_date, warranty_duration, billing_configuration_id, project_category_id, customer_id, is_aborted, is_template) values (46, 46, 'Unsp injury of vein at forearm level, left arm, init encntr', 508477.09, '2019-06-28 08:32:43', 5, 1, 2, 2, 0, 0);
insert into project (id, tcorp_id, name_th, value, end_contract_date, warranty_duration, billing_configuration_id, project_category_id, customer_id, is_aborted, is_template) values (47, 47, 'Disp fx of shaft of 4th MC bone, l hand, 7thD', 876199.85, '2019-03-04 20:19:35', 3, 1, 1, 2, 0, 0);
insert into project (id, tcorp_id, name_th, value, end_contract_date, warranty_duration, billing_configuration_id, project_category_id, customer_id, is_aborted, is_template) values (48, 48, 'Driver of bus injured in collision w oth mv nontraf, init', 130159.09, '2019-01-19 02:12:45', 13, 1, 1, 2, 0, 0);
insert into project (id, tcorp_id, name_th, value, end_contract_date, warranty_duration, billing_configuration_id, project_category_id, customer_id, is_aborted, is_template) values (49, 49, 'Poisoning by thrombolytic drug, self-harm, sequela', 288300.14, '2019-05-08 12:34:48', 36, 1, 2, 2, 0, 0);
insert into project (id, tcorp_id, name_th, value, end_contract_date, warranty_duration, billing_configuration_id, project_category_id, customer_id, is_aborted, is_template) values (50, 50, 'Toxic effect of carbon disulfide, self-harm, init', 209373.64, '2019-01-26 23:15:48', 23, 1, 1, 2, 0, 0);
insert into project (id, tcorp_id, name_th, value, end_contract_date, warranty_duration, billing_configuration_id, project_category_id, customer_id, is_aborted, is_template) values (51, 51, 'Unspecified dislocation of left shoulder joint, subs encntr', 550586.56, '2019-09-09 01:16:31', 16, 1, 2, 1, 0, 0);
insert into project (id, tcorp_id, name_th, value, end_contract_date, warranty_duration, billing_configuration_id, project_category_id, customer_id, is_aborted, is_template) values (52, 52, 'Monocular esotropia with A pattern, right eye', 226353.57, '2019-01-25 08:08:20', 51, 1, 2, 2, 0, 0);
insert into project (id, tcorp_id, name_th, value, end_contract_date, warranty_duration, billing_configuration_id, project_category_id, customer_id, is_aborted, is_template) values (53, 53, 'Lead-induced chronic gout, vertebrae, with tophus (tophi)', 607857.26, '2019-08-05 14:38:20', 45, 1, 1, 2, 0, 0);
insert into project (id, tcorp_id, name_th, value, end_contract_date, warranty_duration, billing_configuration_id, project_category_id, customer_id, is_aborted, is_template) values (54, 54, 'Nonpyogenic thrombosis of intracranial venous system', 121143.15, '2018-12-22 10:20:28', 8, 1, 1, 2, 0, 0);
insert into project (id, tcorp_id, name_th, value, end_contract_date, warranty_duration, billing_configuration_id, project_category_id, customer_id, is_aborted, is_template) values (55, 55, 'Oth rheumatoid arthritis w rheumatoid factor of unsp wrist', 727510.96, '2019-03-06 22:46:43', 51, 1, 2, 2, 0, 0);
insert into project (id, tcorp_id, name_th, value, end_contract_date, warranty_duration, billing_configuration_id, project_category_id, customer_id, is_aborted, is_template) values (56, 56, 'Burn of first degree of right forearm', 414106.0, '2019-06-29 18:55:38', 16, 1, 1, 1, 0, 0);
insert into project (id, tcorp_id, name_th, value, end_contract_date, warranty_duration, billing_configuration_id, project_category_id, customer_id, is_aborted, is_template) values (57, 57, 'Displaced fracture of base of neck of unspecified femur', 244311.71, '2019-05-29 22:17:44', 41, 1, 1, 2, 0, 0);
insert into project (id, tcorp_id, name_th, value, end_contract_date, warranty_duration, billing_configuration_id, project_category_id, customer_id, is_aborted, is_template) values (58, 58, 'Unsp fracture of first lumbar vertebra, init for clos fx', 561844.26, '2019-07-13 03:35:54', 46, 1, 1, 2, 0, 0);
insert into project (id, tcorp_id, name_th, value, end_contract_date, warranty_duration, billing_configuration_id, project_category_id, customer_id, is_aborted, is_template) values (59, 59, 'Unsp pedl cyclst injured in clsn w oth and unsp mv nontraf', 114349.57, '2019-06-20 05:42:33', 41, 1, 2, 1, 0, 0);
insert into project (id, tcorp_id, name_th, value, end_contract_date, warranty_duration, billing_configuration_id, project_category_id, customer_id, is_aborted, is_template) values (60, 60, 'Ganglion, unspecified wrist', 760369.0, '2019-10-25 02:38:23', 22, 1, 1, 1, 0, 0);
insert into project (id, tcorp_id, name_th, value, end_contract_date, warranty_duration, billing_configuration_id, project_category_id, customer_id, is_aborted, is_template) values (61, 61, 'And unsp hormones and synthetic substitutes', 139273.85, '2019-09-25 09:07:10', 28, 1, 1, 1, 0, 0);
insert into project (id, tcorp_id, name_th, value, end_contract_date, warranty_duration, billing_configuration_id, project_category_id, customer_id, is_aborted, is_template) values (62, 62, 'Aggressive periodontitis, generalized, slight', 826195.51, '2019-10-22 01:14:26', 55, 1, 2, 2, 0, 0);
insert into project (id, tcorp_id, name_th, value, end_contract_date, warranty_duration, billing_configuration_id, project_category_id, customer_id, is_aborted, is_template) values (63, 63, 'Driveway of nursing home as place', 607724.0, '2019-09-20 17:19:11', 15, 1, 1, 2, 0, 0);
insert into project (id, tcorp_id, name_th, value, end_contract_date, warranty_duration, billing_configuration_id, project_category_id, customer_id, is_aborted, is_template) values (64, 64, 'Other specified injury of left carotid artery, sequela', 715500.76, '2019-04-03 14:20:40', 54, 1, 1, 2, 0, 0);
insert into project (id, tcorp_id, name_th, value, end_contract_date, warranty_duration, billing_configuration_id, project_category_id, customer_id, is_aborted, is_template) values (65, 65, 'Displaced intertroch fx left femur, init for opn fx type I/2', 352257.33, '2019-10-01 11:49:06', 37, 1, 1, 1, 0, 0);
insert into project (id, tcorp_id, name_th, value, end_contract_date, warranty_duration, billing_configuration_id, project_category_id, customer_id, is_aborted, is_template) values (66, 66, 'Complete traumatic trnsphal amputation of r mid finger, init', 198261.68, '2019-11-12 12:07:51', 14, 1, 2, 1, 0, 0);
insert into project (id, tcorp_id, name_th, value, end_contract_date, warranty_duration, billing_configuration_id, project_category_id, customer_id, is_aborted, is_template) values (67, 67, 'Unspecified sprain of right hip, initial encounter', 355558.6, '2019-03-19 20:58:21', 20, 1, 1, 2, 0, 0);
insert into project (id, tcorp_id, name_th, value, end_contract_date, warranty_duration, billing_configuration_id, project_category_id, customer_id, is_aborted, is_template) values (68, 68, 'Lacerat extn musc/fasc/tend unsp finger at forarm lv, init', 345515.17, '2019-10-22 06:20:52', 55, 1, 1, 2, 0, 0);
insert into project (id, tcorp_id, name_th, value, end_contract_date, warranty_duration, billing_configuration_id, project_category_id, customer_id, is_aborted, is_template) values (69, 69, 'Strain of intrinsic musc/fasc/tend r thm at wrs/hnd lv, subs', 967433.65, '2019-05-30 03:52:26', 52, 1, 1, 2, 0, 0);
insert into project (id, tcorp_id, name_th, value, end_contract_date, warranty_duration, billing_configuration_id, project_category_id, customer_id, is_aborted, is_template) values (70, 70, 'Gastric contents in bronchus causing oth injury, init encntr', 936014.28, '2019-02-20 21:12:07', 34, 1, 2, 2, 0, 0);
insert into project (id, tcorp_id, name_th, value, end_contract_date, warranty_duration, billing_configuration_id, project_category_id, customer_id, is_aborted, is_template) values (71, 71, 'Exhaustion due to exposure, subsequent encounter', 124254.46, '2019-03-21 02:00:52', 22, 1, 2, 2, 0, 0);
insert into project (id, tcorp_id, name_th, value, end_contract_date, warranty_duration, billing_configuration_id, project_category_id, customer_id, is_aborted, is_template) values (72, 72, 'Unsp fx shaft of humerus, right arm, subs for fx w malunion', 664581.07, '2019-06-26 06:50:08', 56, 1, 1, 2, 0, 0);
insert into project (id, tcorp_id, name_th, value, end_contract_date, warranty_duration, billing_configuration_id, project_category_id, customer_id, is_aborted, is_template) values (73, 73, 'Nondisp fx of shaft of first MC bone, left hand, sequela', 375860.75, '2019-10-12 01:44:39', 36, 1, 2, 1, 0, 0);
insert into project (id, tcorp_id, name_th, value, end_contract_date, warranty_duration, billing_configuration_id, project_category_id, customer_id, is_aborted, is_template) values (74, 74, 'Toxic effect of taipan venom, intentional self-harm, sequela', 316263.12, '2019-05-16 17:37:31', 11, 1, 1, 1, 0, 0);
insert into project (id, tcorp_id, name_th, value, end_contract_date, warranty_duration, billing_configuration_id, project_category_id, customer_id, is_aborted, is_template) values (75, 75, 'Orbital myositis, left orbit', 630743.92, '2019-03-15 07:19:52', 7, 1, 1, 2, 0, 0);
insert into project (id, tcorp_id, name_th, value, end_contract_date, warranty_duration, billing_configuration_id, project_category_id, customer_id, is_aborted, is_template) values (76, 76, 'Other specified injury of posterior tibial artery, right leg', 130873.92, '2019-01-28 15:16:51', 41, 1, 1, 2, 0, 0);
insert into project (id, tcorp_id, name_th, value, end_contract_date, warranty_duration, billing_configuration_id, project_category_id, customer_id, is_aborted, is_template) values (77, 77, 'Glaucoma secondary to drugs, bilateral, moderate stage', 996136.06, '2019-10-24 18:58:22', 32, 1, 1, 2, 0, 0);
insert into project (id, tcorp_id, name_th, value, end_contract_date, warranty_duration, billing_configuration_id, project_category_id, customer_id, is_aborted, is_template) values (78, 78, 'Abnormal bowel sounds', 610800.64, '2019-01-08 14:53:09', 21, 1, 2, 2, 0, 0);
insert into project (id, tcorp_id, name_th, value, end_contract_date, warranty_duration, billing_configuration_id, project_category_id, customer_id, is_aborted, is_template) values (79, 79, 'Chronic rhinitis', 642688.08, '2019-10-04 00:31:59', 17, 1, 1, 2, 0, 0);
insert into project (id, tcorp_id, name_th, value, end_contract_date, warranty_duration, billing_configuration_id, project_category_id, customer_id, is_aborted, is_template) values (80, 80, 'Otosclerosis w oval window, nonobliterative, unsp ear', 544570.97, '2019-10-21 19:39:52', 9, 1, 2, 2, 0, 0);
insert into project (id, tcorp_id, name_th, value, end_contract_date, warranty_duration, billing_configuration_id, project_category_id, customer_id, is_aborted, is_template) values (81, 81, 'Benign neoplasm of short bones of right upper limb', 195490.53, '2019-07-31 14:56:35', 32, 1, 2, 2, 0, 0);
insert into project (id, tcorp_id, name_th, value, end_contract_date, warranty_duration, billing_configuration_id, project_category_id, customer_id, is_aborted, is_template) values (82, 82, 'Unsp inj intrns musc/fasc/tend r lit fngr at wrs/hnd lv,sqla', 168703.46, '2019-03-22 05:46:39', 54, 1, 2, 1, 0, 0);
insert into project (id, tcorp_id, name_th, value, end_contract_date, warranty_duration, billing_configuration_id, project_category_id, customer_id, is_aborted, is_template) values (83, 83, 'Alcoholic fibrosis and sclerosis of liver', 366957.32, '2019-09-16 18:25:53', 55, 1, 1, 1, 0, 0);
insert into project (id, tcorp_id, name_th, value, end_contract_date, warranty_duration, billing_configuration_id, project_category_id, customer_id, is_aborted, is_template) values (84, 84, 'Poisoning by beta-adrenoreceptor antagonists, assault', 691890.55, '2019-01-05 05:24:28', 10, 1, 2, 2, 0, 0);
insert into project (id, tcorp_id, name_th, value, end_contract_date, warranty_duration, billing_configuration_id, project_category_id, customer_id, is_aborted, is_template) values (85, 85, 'Poisoning by opth drugs and prep, undetermined, sequela', 975696.04, '2019-02-14 01:40:52', 55, 1, 1, 2, 0, 0);
insert into project (id, tcorp_id, name_th, value, end_contract_date, warranty_duration, billing_configuration_id, project_category_id, customer_id, is_aborted, is_template) values (86, 86, 'Disp fx of dist phalanx of r mid fngr, 7thK', 981743.93, '2019-06-05 14:28:40', 27, 1, 2, 2, 0, 0);
insert into project (id, tcorp_id, name_th, value, end_contract_date, warranty_duration, billing_configuration_id, project_category_id, customer_id, is_aborted, is_template) values (87, 87, 'Other transitory metabolic disturbances of newborn', 770893.88, '2019-01-06 16:04:19', 16, 1, 1, 2, 0, 0);
insert into project (id, tcorp_id, name_th, value, end_contract_date, warranty_duration, billing_configuration_id, project_category_id, customer_id, is_aborted, is_template) values (88, 88, 'Cervical disc disorder, unspecified,  high cervical region', 414907.26, '2019-03-10 17:25:05', 26, 1, 2, 2, 0, 0);
insert into project (id, tcorp_id, name_th, value, end_contract_date, warranty_duration, billing_configuration_id, project_category_id, customer_id, is_aborted, is_template) values (89, 89, 'Rh incompat react due to tranfs of bld/bld prod, unsp, init', 449381.54, '2019-04-26 00:28:35', 7, 1, 2, 2, 0, 0);
insert into project (id, tcorp_id, name_th, value, end_contract_date, warranty_duration, billing_configuration_id, project_category_id, customer_id, is_aborted, is_template) values (90, 90, 'Unsp physl fx upper end unsp femur, subs for fx w routn heal', 416145.23, '2018-12-14 20:47:06', 9, 1, 2, 1, 0, 0);
insert into project (id, tcorp_id, name_th, value, end_contract_date, warranty_duration, billing_configuration_id, project_category_id, customer_id, is_aborted, is_template) values (91, 91, 'Maternal care for anti-D [Rh] antibodies, first trimester', 711837.34, '2019-01-03 21:49:45', 28, 1, 2, 2, 0, 0);
insert into project (id, tcorp_id, name_th, value, end_contract_date, warranty_duration, billing_configuration_id, project_category_id, customer_id, is_aborted, is_template) values (92, 92, 'Maternal care for incarceration of gravid uterus, third tri', 305507.87, '2019-09-10 15:03:34', 21, 1, 1, 2, 0, 0);
insert into project (id, tcorp_id, name_th, value, end_contract_date, warranty_duration, billing_configuration_id, project_category_id, customer_id, is_aborted, is_template) values (93, 93, 'Mumps without complication', 731238.59, '2019-04-27 03:57:29', 3, 1, 2, 1, 0, 0);
insert into project (id, tcorp_id, name_th, value, end_contract_date, warranty_duration, billing_configuration_id, project_category_id, customer_id, is_aborted, is_template) values (94, 94, 'Corrosion of second degree of forehead and cheek, init', 349001.56, '2019-11-05 18:17:40', 15, 1, 2, 2, 0, 0);
insert into project (id, tcorp_id, name_th, value, end_contract_date, warranty_duration, billing_configuration_id, project_category_id, customer_id, is_aborted, is_template) values (95, 95, 'Other chronic suppurative otitis media, left ear', 790835.76, '2019-03-13 00:36:14', 12, 1, 1, 2, 0, 0);
insert into project (id, tcorp_id, name_th, value, end_contract_date, warranty_duration, billing_configuration_id, project_category_id, customer_id, is_aborted, is_template) values (96, 96, 'Abrasion, unspecified thigh, initial encounter', 296539.09, '2019-10-18 07:00:37', 3, 1, 1, 1, 0, 0);
insert into project (id, tcorp_id, name_th, value, end_contract_date, warranty_duration, billing_configuration_id, project_category_id, customer_id, is_aborted, is_template) values (97, 97, 'Recession of chamber angle, unspecified eye', 114797.51, '2019-03-06 06:22:02', 32, 1, 2, 2, 0, 0);
insert into project (id, tcorp_id, name_th, value, end_contract_date, warranty_duration, billing_configuration_id, project_category_id, customer_id, is_aborted, is_template) values (98, 98, 'Contact with rat', 853694.09, '2019-02-21 14:13:28', 31, 1, 2, 1, 0, 0);
insert into project (id, tcorp_id, name_th, value, end_contract_date, warranty_duration, billing_configuration_id, project_category_id, customer_id, is_aborted, is_template) values (99, 99, 'Nondisp transverse fx l patella, 7thM', 450476.41, '2018-12-31 11:51:17', 30, 1, 2, 1, 0, 0);
insert into project (id, tcorp_id, name_th, value, end_contract_date, warranty_duration, billing_configuration_id, project_category_id, customer_id, is_aborted, is_template) values (100, 100, 'Nondisp fx of med wl of unsp acetab, 7thG', 423582.59, '2019-05-01 16:04:42', 42, 1, 1, 2, 0, 0);
-- SELECT * FROM project;


-- ##### TASK DESCRIPTION ##### -- 
insert into task_description (id, description) values (1, 'ยื่นเสนอราคา');
insert into task_description (id, description) values (2, 'ลดราคาครั้งที่ 1');
insert into task_description (id, description) values (3, 'ยืนยันราคา');
insert into task_description (id, description) values (4, 'เซ็นสัญญา');
insert into task_description (id, description) values (5, 'Kick off');
insert into task_description (id, description) values (6, 'ขออนุมัติ PAT');
insert into task_description (id, description) values (7, 'ขอเข้าสำรวจพื้นที่');
insert into task_description (id, description) values (8, 'ส่งของถึง TCORP');
insert into task_description (id, description) values (9, 'ส่งของถึงลูกค้า');
-- SELECT * FROM task_description;

-- ##### TASK GROUP ##### -- 
insert into task_group (id, task_header) values (1, 'ก่อนเซ็นสัญญา');
insert into task_group (id, task_header) values (2, 'หลังเซ็นสัญญา');
-- SELECT * FROM task_group;

-- ##### TASK STATUS ##### -- 
insert into task_status (id, status) values (0, 'Waiting');
insert into task_status (id, status) values (1, 'Doing');
insert into task_status (id, status) values (2, 'Finished');
-- SELECT * FROM task_status;

-- ##### USER ##### -- 
insert into user (id, firstname, gender, role_id) values (1, 'Corrina', 2, 2);
insert into user (id, firstname, gender, role_id) values (2, 'Yvon', 2, 2);
insert into user (id, firstname, gender, role_id) values (3, 'Retha', 2, 2);
insert into user (id, firstname, gender, role_id) values (4, 'Tonia', 1, 2);
insert into user (id, firstname, gender, role_id) values (5, 'Ruggiero', 1, 2);
insert into user (id, firstname, gender, role_id) values (6, 'Charyl', 1, 2);
insert into user (id, firstname, gender, role_id) values (7, 'Galina', 1, 2);
insert into user (id, firstname, gender, role_id) values (8, 'Whitney', 1, 2);
insert into user (id, firstname, gender, role_id) values (9, 'Lambert', 1, 2);
insert into user (id, firstname, gender, role_id) values (10, 'Lauralee', 2, 2);
insert into user (id, firstname, gender, role_id) values (11, 'Mel', 1, 2);
insert into user (id, firstname, gender, role_id) values (12, 'Tamera', 2, 2);
insert into user (id, firstname, gender, role_id) values (13, 'Opalina', 1, 2);
insert into user (id, firstname, gender, role_id) values (14, 'Carlie', 2, 2);
insert into user (id, firstname, gender, role_id) values (15, 'Rowen', 1, 2);
-- SELECT * FROM user;

-- ##### TASK ##### -- 
-- Task to Project 1 --
insert into task (id, seq_no, deadline, updated_at, task_group_id, task_status_id, assigned_to_id, task_description_id, project_id) values (1, 1, '2018-12-10 11:11:11', '2018-12-14 01:15:47', 1, 2, 4, 5, 1);
insert into task (id, seq_no, deadline, updated_at, task_group_id, task_status_id, assigned_to_id, task_description_id, project_id) values (2, 2, '2019-10-04 17:49:28', '2019-05-15 00:31:24', 2, 1, 6, 5, 1);
insert into task (id, seq_no, deadline, updated_at, task_group_id, task_status_id, assigned_to_id, task_description_id, project_id) values (3, 3, '2019-10-30 20:54:51', '2019-01-18 18:23:51', 2, 2, 13, 9, 1);
insert into task (id, seq_no, deadline, updated_at, task_group_id, task_status_id, assigned_to_id, task_description_id, project_id) values (4, 4, '2019-03-06 21:47:08', '2019-05-07 15:44:08', 2, 2, 6, 4, 1);
insert into task (id, seq_no, deadline, updated_at, task_group_id, task_status_id, assigned_to_id, task_description_id, project_id) values (5, 5, '2019-08-12 22:43:14', '2019-07-22 07:29:52', 1, 2, 4, 6, 1);
insert into task (id, seq_no, deadline, updated_at, task_group_id, task_status_id, assigned_to_id, task_description_id, project_id) values (6, 6, '2019-03-13 06:23:45', '2018-12-26 17:18:54', 1, 0, 9, 7, 1);
insert into task (id, seq_no, deadline, updated_at, task_group_id, task_status_id, assigned_to_id, task_description_id, project_id) values (7, 7, '2018-12-21 05:26:54', '2019-11-19 15:11:40', 2, 0, 8, 1, 1);
insert into task (id, seq_no, deadline, updated_at, task_group_id, task_status_id, assigned_to_id, task_description_id, project_id) values (8, 8, '2019-04-18 04:36:34', '2019-09-01 20:43:44', 1, 2, 4, 7, 1);
insert into task (id, seq_no, deadline, updated_at, task_group_id, task_status_id, assigned_to_id, task_description_id, project_id) values (9, 9, '2019-11-16 02:09:06', '2019-09-15 15:47:46', 1, 1, 13, 2, 1);
insert into task (id, seq_no, deadline, updated_at, task_group_id, task_status_id, assigned_to_id, task_description_id, project_id) values (10, 10, '2019-09-10 10:35:51', '2019-02-10 11:00:28', 1, 2, 5, 2, 1);
insert into task (id, seq_no, deadline, updated_at, task_group_id, task_status_id, assigned_to_id, task_description_id, project_id) values (11, 11, '2019-01-31 08:13:22', '2019-04-10 20:59:25', 2, 1, 12, 9, 1);
insert into task (id, seq_no, deadline, updated_at, task_group_id, task_status_id, assigned_to_id, task_description_id, project_id) values (12, 12, '2019-04-21 04:44:47', '2019-05-10 18:20:27', 2, 2, 10, 3, 1);
insert into task (id, seq_no, deadline, updated_at, task_group_id, task_status_id, assigned_to_id, task_description_id, project_id) values (13, 13, '2019-05-09 13:17:36', '2019-05-24 18:41:20', 1, 2, 11, 2, 1);
insert into task (id, seq_no, deadline, updated_at, task_group_id, task_status_id, assigned_to_id, task_description_id, project_id) values (14, 14, '2019-08-01 04:00:56', '2019-10-14 02:20:17', 2, 1, 2, 2, 1);
insert into task (id, seq_no, deadline, updated_at, task_group_id, task_status_id, assigned_to_id, task_description_id, project_id) values (15, 15, '2019-01-23 21:56:42', '2018-12-29 15:52:17', 2, 0, 11, 7, 1);
insert into task (id, seq_no, deadline, updated_at, task_group_id, task_status_id, assigned_to_id, task_description_id, project_id) values (16, 16, '2019-08-14 07:57:47', '2018-11-26 02:04:31', 2, 2, 11, 1, 1);
insert into task (id, seq_no, deadline, updated_at, task_group_id, task_status_id, assigned_to_id, task_description_id, project_id) values (17, 17, '2019-07-21 15:50:46', '2019-10-30 19:03:34', 2, 1, 12, 6, 1);
insert into task (id, seq_no, deadline, updated_at, task_group_id, task_status_id, assigned_to_id, task_description_id, project_id) values (18, 18, '2019-08-09 20:49:03', '2019-03-23 05:38:16', 2, 2, 12, 9, 1);
insert into task (id, seq_no, deadline, updated_at, task_group_id, task_status_id, assigned_to_id, task_description_id, project_id) values (19, 19, '2019-11-23 09:55:59', '2019-05-07 11:53:15', 2, 0, 10, 2, 1);
insert into task (id, seq_no, deadline, updated_at, task_group_id, task_status_id, assigned_to_id, task_description_id, project_id) values (20, 20, '2019-07-18 19:39:43', '2019-03-06 00:08:28', 1, 0, 15, 1, 1);
insert into task (id, seq_no, deadline, updated_at, task_group_id, task_status_id, assigned_to_id, task_description_id, project_id) values (21, 21, '2019-01-20 11:36:42', '2018-12-22 03:12:40', 2, 0, 11, 6, 1);
insert into task (id, seq_no, deadline, updated_at, task_group_id, task_status_id, assigned_to_id, task_description_id, project_id) values (22, 22, '2019-04-26 16:58:05', '2019-06-01 16:23:32', 1, 2, 14, 2, 1);
insert into task (id, seq_no, deadline, updated_at, task_group_id, task_status_id, assigned_to_id, task_description_id, project_id) values (23, 23, '2019-05-26 15:09:08', '2019-07-16 18:13:31', 2, 1, 4, 2, 1);
insert into task (id, seq_no, deadline, updated_at, task_group_id, task_status_id, assigned_to_id, task_description_id, project_id) values (24, 24, '2019-02-12 22:31:32', '2019-01-22 00:09:21', 2, 0, 11, 2, 1);
insert into task (id, seq_no, deadline, updated_at, task_group_id, task_status_id, assigned_to_id, task_description_id, project_id) values (25, 25, '2019-09-09 05:13:18', '2019-03-11 08:09:01', 2, 2, 11, 6, 1);
insert into task (id, seq_no, deadline, updated_at, task_group_id, task_status_id, assigned_to_id, task_description_id, project_id) values (26, 26, '2019-10-26 14:35:46', '2019-11-07 09:59:16', 2, 2, 2, 2, 1);
insert into task (id, seq_no, deadline, updated_at, task_group_id, task_status_id, assigned_to_id, task_description_id, project_id) values (27, 27, '2019-05-05 15:26:01', '2018-12-21 09:06:16', 1, 2, 6, 7, 1);
insert into task (id, seq_no, deadline, updated_at, task_group_id, task_status_id, assigned_to_id, task_description_id, project_id) values (28, 28, '2019-05-23 12:43:25', '2019-03-31 13:32:28', 2, 0, 7, 8, 1);
insert into task (id, seq_no, deadline, updated_at, task_group_id, task_status_id, assigned_to_id, task_description_id, project_id) values (29, 29, '2018-12-03 03:41:46', '2019-01-11 01:20:00', 2, 0, 14, 6, 1);
insert into task (id, seq_no, deadline, updated_at, task_group_id, task_status_id, assigned_to_id, task_description_id, project_id) values (30, 30, '2019-07-30 05:23:40', '2019-03-22 12:37:11', 1, 2, 4, 6, 1);
insert into task (id, seq_no, deadline, updated_at, task_group_id, task_status_id, assigned_to_id, task_description_id, project_id) values (31, 31, '2019-04-13 21:37:08', '2019-03-22 08:13:51', 1, 2, 4, 8, 1);
insert into task (id, seq_no, deadline, updated_at, task_group_id, task_status_id, assigned_to_id, task_description_id, project_id) values (32, 32, '2018-12-02 00:31:55', '2019-09-14 13:27:38', 1, 2, 1, 9, 1);
insert into task (id, seq_no, deadline, updated_at, task_group_id, task_status_id, assigned_to_id, task_description_id, project_id) values (33, 33, '2019-08-25 09:22:37', '2019-04-24 22:18:11', 1, 1, 13, 2, 1);
insert into task (id, seq_no, deadline, updated_at, task_group_id, task_status_id, assigned_to_id, task_description_id, project_id) values (34, 34, '2019-03-01 21:04:25', '2019-09-14 06:39:39', 2, 2, 7, 8, 1);
insert into task (id, seq_no, deadline, updated_at, task_group_id, task_status_id, assigned_to_id, task_description_id, project_id) values (35, 35, '2019-05-30 03:23:49', '2019-07-26 23:56:31', 2, 1, 15, 1, 1);
insert into task (id, seq_no, deadline, updated_at, task_group_id, task_status_id, assigned_to_id, task_description_id, project_id) values (36, 36, '2019-04-04 05:54:11', '2019-01-10 09:39:26', 2, 1, 14, 2, 1);
insert into task (id, seq_no, deadline, updated_at, task_group_id, task_status_id, assigned_to_id, task_description_id, project_id) values (37, 37, '2019-09-25 10:55:32', '2018-12-14 03:46:55', 2, 1, 15, 7, 1);
insert into task (id, seq_no, deadline, updated_at, task_group_id, task_status_id, assigned_to_id, task_description_id, project_id) values (38, 38, '2019-09-05 16:16:18', '2019-10-30 10:40:52', 1, 0, 8, 2, 1);
insert into task (id, seq_no, deadline, updated_at, task_group_id, task_status_id, assigned_to_id, task_description_id, project_id) values (39, 39, '2019-08-09 16:41:47', '2018-12-11 11:28:55', 2, 1, 5, 3, 1);
insert into task (id, seq_no, deadline, updated_at, task_group_id, task_status_id, assigned_to_id, task_description_id, project_id) values (40, 40, '2019-04-19 16:20:15', '2018-12-06 15:20:04', 1, 1, 13, 7, 1);
insert into task (id, seq_no, deadline, updated_at, task_group_id, task_status_id, assigned_to_id, task_description_id, project_id) values (41, 41, '2019-09-01 16:15:12', '2019-09-16 18:13:40', 1, 1, 6, 1, 1);
insert into task (id, seq_no, deadline, updated_at, task_group_id, task_status_id, assigned_to_id, task_description_id, project_id) values (42, 42, '2018-12-04 23:19:39', '2019-05-02 22:09:18', 2, 2, 14, 4, 1);
insert into task (id, seq_no, deadline, updated_at, task_group_id, task_status_id, assigned_to_id, task_description_id, project_id) values (43, 43, '2019-05-10 08:40:23', '2019-03-03 21:51:42', 2, 1, 12, 8, 1);
insert into task (id, seq_no, deadline, updated_at, task_group_id, task_status_id, assigned_to_id, task_description_id, project_id) values (44, 44, '2018-12-28 22:53:27', '2019-10-31 10:30:33', 1, 2, 14, 1, 1);
insert into task (id, seq_no, deadline, updated_at, task_group_id, task_status_id, assigned_to_id, task_description_id, project_id) values (45, 45, '2019-07-06 03:50:22', '2019-05-09 22:06:33', 1, 0, 10, 9, 1);
insert into task (id, seq_no, deadline, updated_at, task_group_id, task_status_id, assigned_to_id, task_description_id, project_id) values (46, 46, '2019-01-11 03:18:26', '2019-05-09 03:46:37', 2, 1, 11, 3, 1);
insert into task (id, seq_no, deadline, updated_at, task_group_id, task_status_id, assigned_to_id, task_description_id, project_id) values (47, 47, '2019-04-26 14:51:21', '2018-12-14 23:34:21', 1, 0, 3, 1, 1);
insert into task (id, seq_no, deadline, updated_at, task_group_id, task_status_id, assigned_to_id, task_description_id, project_id) values (48, 48, '2019-09-01 07:46:48', '2019-11-23 03:36:06', 1, 1, 8, 9, 1);
insert into task (id, seq_no, deadline, updated_at, task_group_id, task_status_id, assigned_to_id, task_description_id, project_id) values (49, 49, '2018-12-06 11:51:18', '2018-12-13 01:41:22', 1, 1, 9, 5, 1);
insert into task (id, seq_no, deadline, updated_at, task_group_id, task_status_id, assigned_to_id, task_description_id, project_id) values (50, 50, '2019-06-15 22:11:47', '2019-10-25 03:12:30', 1, 1, 1, 8, 1);
insert into task (id, seq_no, deadline, updated_at, task_group_id, task_status_id, assigned_to_id, task_description_id, project_id) values (51, 51, '2019-04-07 08:58:28', '2019-01-29 05:07:55', 2, 0, 4, 6, 1);
insert into task (id, seq_no, deadline, updated_at, task_group_id, task_status_id, assigned_to_id, task_description_id, project_id) values (52, 52, '2019-10-03 06:41:31', '2019-05-06 17:38:20', 1, 2, 6, 9, 1);
insert into task (id, seq_no, deadline, updated_at, task_group_id, task_status_id, assigned_to_id, task_description_id, project_id) values (53, 53, '2018-12-21 23:03:54', '2019-01-25 07:24:30', 1, 2, 7, 3, 1);
insert into task (id, seq_no, deadline, updated_at, task_group_id, task_status_id, assigned_to_id, task_description_id, project_id) values (54, 54, '2019-02-10 21:44:51', '2019-01-27 02:17:25', 2, 1, 8, 6, 1);
insert into task (id, seq_no, deadline, updated_at, task_group_id, task_status_id, assigned_to_id, task_description_id, project_id) values (55, 55, '2019-08-29 00:53:03', '2019-04-02 16:14:55', 1, 1, 12, 4, 1);
insert into task (id, seq_no, deadline, updated_at, task_group_id, task_status_id, assigned_to_id, task_description_id, project_id) values (56, 56, '2019-09-16 17:33:48', '2019-04-30 18:26:13', 1, 2, 6, 1, 1);
insert into task (id, seq_no, deadline, updated_at, task_group_id, task_status_id, assigned_to_id, task_description_id, project_id) values (57, 57, '2019-09-13 23:25:23', '2019-08-24 12:19:43', 2, 1, 7, 8, 1);
insert into task (id, seq_no, deadline, updated_at, task_group_id, task_status_id, assigned_to_id, task_description_id, project_id) values (58, 58, '2019-06-02 07:24:16', '2019-01-28 04:36:28', 2, 0, 7, 1, 1);
insert into task (id, seq_no, deadline, updated_at, task_group_id, task_status_id, assigned_to_id, task_description_id, project_id) values (59, 59, '2019-02-05 19:28:19', '2019-04-26 00:57:32', 1, 0, 2, 6, 1);
insert into task (id, seq_no, deadline, updated_at, task_group_id, task_status_id, assigned_to_id, task_description_id, project_id) values (60, 60, '2019-03-28 02:00:54', '2018-12-23 04:46:19', 2, 1, 12, 1, 1);
insert into task (id, seq_no, deadline, updated_at, task_group_id, task_status_id, assigned_to_id, task_description_id, project_id) values (61, 61, '2019-07-27 06:59:04', '2019-09-12 16:53:08', 2, 1, 15, 3, 1);
insert into task (id, seq_no, deadline, updated_at, task_group_id, task_status_id, assigned_to_id, task_description_id, project_id) values (62, 62, '2019-10-30 03:08:22', '2019-04-27 13:53:29', 2, 2, 5, 8, 1);
insert into task (id, seq_no, deadline, updated_at, task_group_id, task_status_id, assigned_to_id, task_description_id, project_id) values (63, 63, '2019-04-30 04:46:06', '2019-03-12 16:49:38', 2, 2, 14, 9, 1);
insert into task (id, seq_no, deadline, updated_at, task_group_id, task_status_id, assigned_to_id, task_description_id, project_id) values (64, 64, '2019-02-19 18:21:47', '2018-12-13 07:01:37', 2, 2, 1, 1, 1);
insert into task (id, seq_no, deadline, updated_at, task_group_id, task_status_id, assigned_to_id, task_description_id, project_id) values (65, 65, '2018-11-28 12:47:47', '2019-07-30 15:59:14', 1, 2, 5, 1, 1);
insert into task (id, seq_no, deadline, updated_at, task_group_id, task_status_id, assigned_to_id, task_description_id, project_id) values (66, 66, '2019-08-29 07:11:10', '2019-05-11 13:31:16', 2, 0, 11, 2, 1);
insert into task (id, seq_no, deadline, updated_at, task_group_id, task_status_id, assigned_to_id, task_description_id, project_id) values (67, 67, '2019-04-09 18:07:48', '2019-01-24 13:28:07', 1, 1, 14, 3, 1);
insert into task (id, seq_no, deadline, updated_at, task_group_id, task_status_id, assigned_to_id, task_description_id, project_id) values (68, 68, '2019-01-17 04:15:30', '2019-02-13 04:02:25', 1, 1, 2, 8, 1);
insert into task (id, seq_no, deadline, updated_at, task_group_id, task_status_id, assigned_to_id, task_description_id, project_id) values (69, 69, '2019-02-18 11:29:48', '2019-07-15 00:48:53', 2, 0, 13, 1, 1);
insert into task (id, seq_no, deadline, updated_at, task_group_id, task_status_id, assigned_to_id, task_description_id, project_id) values (70, 70, '2019-09-26 22:48:51', '2019-10-12 19:39:18', 1, 2, 10, 6, 1);
insert into task (id, seq_no, deadline, updated_at, task_group_id, task_status_id, assigned_to_id, task_description_id, project_id) values (71, 71, '2019-08-20 19:00:31', '2019-09-27 03:51:29', 1, 0, 10, 4, 1);
insert into task (id, seq_no, deadline, updated_at, task_group_id, task_status_id, assigned_to_id, task_description_id, project_id) values (72, 72, '2019-05-21 18:31:18', '2019-07-10 00:18:16', 1, 1, 6, 4, 1);
insert into task (id, seq_no, deadline, updated_at, task_group_id, task_status_id, assigned_to_id, task_description_id, project_id) values (73, 73, '2019-10-23 12:20:25', '2019-06-19 20:06:38', 1, 2, 8, 5, 1);
insert into task (id, seq_no, deadline, updated_at, task_group_id, task_status_id, assigned_to_id, task_description_id, project_id) values (74, 74, '2019-08-10 04:57:31', '2019-01-17 21:54:26', 1, 2, 3, 6, 1);
insert into task (id, seq_no, deadline, updated_at, task_group_id, task_status_id, assigned_to_id, task_description_id, project_id) values (75, 75, '2019-09-17 01:15:56', '2018-12-11 08:02:43', 2, 0, 14, 5, 1);
insert into task (id, seq_no, deadline, updated_at, task_group_id, task_status_id, assigned_to_id, task_description_id, project_id) values (76, 76, '2019-04-11 12:25:47', '2019-05-05 05:37:40', 2, 1, 10, 8, 1);
insert into task (id, seq_no, deadline, updated_at, task_group_id, task_status_id, assigned_to_id, task_description_id, project_id) values (77, 77, '2019-06-03 01:29:17', '2019-08-04 07:01:31', 1, 2, 11, 5, 1);
insert into task (id, seq_no, deadline, updated_at, task_group_id, task_status_id, assigned_to_id, task_description_id, project_id) values (78, 78, '2019-03-26 11:56:09', '2019-05-03 04:39:00', 2, 2, 6, 7, 1);
insert into task (id, seq_no, deadline, updated_at, task_group_id, task_status_id, assigned_to_id, task_description_id, project_id) values (79, 79, '2019-06-08 10:27:08', '2019-10-04 19:01:30', 2, 1, 5, 2, 1);
insert into task (id, seq_no, deadline, updated_at, task_group_id, task_status_id, assigned_to_id, task_description_id, project_id) values (80, 80, '2019-01-25 13:22:55', '2019-09-19 10:37:27', 1, 1, 13, 1, 1);
insert into task (id, seq_no, deadline, updated_at, task_group_id, task_status_id, assigned_to_id, task_description_id, project_id) values (81, 81, '2019-02-12 11:41:55', '2019-11-20 10:22:03', 1, 1, 9, 8, 1);
insert into task (id, seq_no, deadline, updated_at, task_group_id, task_status_id, assigned_to_id, task_description_id, project_id) values (82, 82, '2019-10-02 13:03:11', '2019-07-18 08:23:11', 1, 0, 6, 9, 1);
insert into task (id, seq_no, deadline, updated_at, task_group_id, task_status_id, assigned_to_id, task_description_id, project_id) values (83, 83, '2019-11-20 05:06:00', '2019-01-17 00:39:34', 1, 2, 10, 4, 1);
insert into task (id, seq_no, deadline, updated_at, task_group_id, task_status_id, assigned_to_id, task_description_id, project_id) values (84, 84, '2019-10-04 14:42:24', '2019-05-05 05:10:44', 1, 0, 5, 5, 1);
insert into task (id, seq_no, deadline, updated_at, task_group_id, task_status_id, assigned_to_id, task_description_id, project_id) values (85, 85, '2019-03-07 20:28:33', '2019-03-29 01:46:46', 2, 1, 2, 1, 1);
insert into task (id, seq_no, deadline, updated_at, task_group_id, task_status_id, assigned_to_id, task_description_id, project_id) values (86, 86, '2019-08-31 18:50:36', '2018-12-29 02:22:35', 1, 0, 14, 9, 1);
insert into task (id, seq_no, deadline, updated_at, task_group_id, task_status_id, assigned_to_id, task_description_id, project_id) values (87, 87, '2019-03-19 12:42:24', '2019-09-12 08:39:34', 2, 0, 11, 6, 1);
insert into task (id, seq_no, deadline, updated_at, task_group_id, task_status_id, assigned_to_id, task_description_id, project_id) values (88, 88, '2019-05-21 15:07:21', '2019-11-20 12:12:05', 1, 0, 3, 4, 1);
insert into task (id, seq_no, deadline, updated_at, task_group_id, task_status_id, assigned_to_id, task_description_id, project_id) values (89, 89, '2019-07-07 09:18:29', '2019-04-17 02:39:46', 2, 0, 12, 4, 1);
insert into task (id, seq_no, deadline, updated_at, task_group_id, task_status_id, assigned_to_id, task_description_id, project_id) values (90, 90, '2019-03-27 12:24:31', '2019-02-27 05:41:10', 1, 2, 5, 6, 1);
insert into task (id, seq_no, deadline, updated_at, task_group_id, task_status_id, assigned_to_id, task_description_id, project_id) values (91, 91, '2019-07-23 20:32:43', '2019-10-26 06:31:26', 2, 2, 6, 9, 1);
insert into task (id, seq_no, deadline, updated_at, task_group_id, task_status_id, assigned_to_id, task_description_id, project_id) values (92, 92, '2019-06-11 04:04:10', '2019-06-02 16:47:34', 2, 1, 12, 5, 1);
insert into task (id, seq_no, deadline, updated_at, task_group_id, task_status_id, assigned_to_id, task_description_id, project_id) values (93, 93, '2019-07-28 08:25:04', '2019-10-02 21:25:52', 2, 1, 8, 8, 1);
insert into task (id, seq_no, deadline, updated_at, task_group_id, task_status_id, assigned_to_id, task_description_id, project_id) values (94, 94, '2019-02-23 17:52:03', '2019-04-15 16:01:40', 2, 0, 8, 5, 1);
insert into task (id, seq_no, deadline, updated_at, task_group_id, task_status_id, assigned_to_id, task_description_id, project_id) values (95, 95, '2019-04-07 14:34:38', '2019-05-03 04:02:24', 2, 2, 4, 4, 1);
insert into task (id, seq_no, deadline, updated_at, task_group_id, task_status_id, assigned_to_id, task_description_id, project_id) values (96, 96, '2019-03-30 15:45:46', '2019-10-28 17:08:26', 1, 2, 13, 2, 1);
insert into task (id, seq_no, deadline, updated_at, task_group_id, task_status_id, assigned_to_id, task_description_id, project_id) values (97, 97, '2019-04-02 04:24:38', '2019-01-24 12:52:20', 2, 1, 12, 2, 1);
insert into task (id, seq_no, deadline, updated_at, task_group_id, task_status_id, assigned_to_id, task_description_id, project_id) values (98, 98, '2019-02-08 20:37:37', '2019-02-11 03:54:36', 1, 1, 7, 1, 1);
insert into task (id, seq_no, deadline, updated_at, task_group_id, task_status_id, assigned_to_id, task_description_id, project_id) values (99, 99, '2019-11-08 00:28:32', '2019-08-07 03:37:31', 2, 0, 5, 9, 1);
insert into task (id, seq_no, deadline, updated_at, task_group_id, task_status_id, assigned_to_id, task_description_id, project_id) values (100, 100, '2019-07-28 08:32:54', '2019-06-17 07:56:16', 1, 0, 14, 8, 1);
-- END of Task to Project 1 --
